krep	maxC	num_wells
0.01	0.002987611519	1
0.1147368421	0.01450489112	2
0.2194736842	0.0270544621	1
0.3242105263	0.0827306693	1
0.4289473684	0.3099037143	4
0.5336842105	0.5028794246	4
0.6384210526	0.5938726394	4
0.8478947368	0.4763001364	1
0.9526315789	0.4719650226	2
1.162105263	0.7503789098	2
1.371578947	0.3014787289	1
1.476315789	0.01961467648	4
1.581052632	0.767378772	4
1.685789474	0.1027301698	2
1.895263158	0.6119791821	3
